query,KO,KEGG_taxon,KEGG_score,SwissProt_subject,SwissProt_taxon,SwissProt_bitscore,SwissProt_evalue,NR_subject,NR_taxon,NR_bitscore,NR_evalue
g3878.t1,None,Fungi | Ascomycetes | Pichiomycetes | cal:CAALFM_CR04840CA,108.612,sp|Q59N20|MSS11_CANAL,Candida albicans (strain SC5314 / ATCC MYA-2876),121.0,4.53e-28,gb|KHC45244.1|,Candida albicans P60002,119.0,5.10e-26
g4345.t1,K15140,Fungi | Ascomycetes | Pichiomycetes | cal:CAALFM_C101280CA,134.806,sp|Q5A917|MED22_CANAL,Candida albicans (strain SC5314 / ATCC MYA-2876),134.0,9.84e-41,ref|XP_049262659.1|,Candida,167.0,8.52e-51
g311.t1,None,Fungi | Ascomycetes | Pichiomycetes | cal:CAALFM_C307680WA,133.65,sp|Q5ADX2|HIR3_CANAL,Candida albicans (strain SC5314 / ATCC MYA-2876),141.0,3.03e-39,gb|KAG4409342.1|,Candida tropicalis,142.0,3.06e-36
g6591.t1,K00419,Fungi | Ascomycetes | Pichiomycetes | cal:CAALFM_C402890CA,79.3369,sp|A0A1D8PLP3|QCR9_CANAL,Candida albicans (strain SC5314 / ATCC MYA-2876),85.5,6.08e-23,ref|XP_020063533.1|,Suhomyces tanzawaensis NRRL Y-17324,99.8,1.66e-25
g4549.t1,K19791,Fungi | Ascomycetes | Pichiomycetes | cal:CAALFM_C600460CA,55.0694,sp|P78591|FET3_CANAX,Candida albicans,57.0,1.58e-10,gb|EMG45772.1|,Candida maltosa Xu316,60.8,1.23e-09
g2671.t1,K14572,Fungi | Ascomycetes | Pichiomycetes | cal:CAALFM_C400970CA,143.665,sp|Q12019|MDN1_YEAST,Saccharomyces cerevisiae (strain ATCC 204508 / S288c),102.0,2.21e-25,gb|RCK59213.1|,Candida viswanathii,141.0,5.84e-36
g4525.t1,K03844,Fungi | Ascomycetes | Pichiomycetes | cal:CAALFM_C602270CA,166.392,sp|Q59S72|ALG11_CANAL,Candida albicans (strain SC5314 / ATCC MYA-2876),178.0,6.30e-53,gb|KAF6070885.1|,Candida albicans,176.0,4.25e-50
g5964.t1,None,Animals | Fishes | Beloniformes | ola:105356774,130.954,sp|P0CT43|TF28_SCHPO,Schizosaccharomyces pombe (strain 972 / ATCC 24843),167.0,1.36e-44,ref|XP_064850134.1|,Saccharomycopsis crataegensis,214.0,7.47e-60
g7878.t1,K17440,Fungi | Ascomycetes | Pichiomycetes | cal:CAALFM_C702120CA,133.65,sp|P32388|RM49_YEAST,Saccharomyces cerevisiae (strain ATCC 204508 / S288c),57.4,4.23e-10,ref|XP_067547101.1|,Candida metapsilosis,154.0,1.22e-44
g8134.t1,K11126,Fungi | Ascomycetes | Pichiomycetes | cal:CAALFM_C108130CA,575.859,sp|Q06163|TERT_YEAST,Saccharomyces cerevisiae (strain ATCC 204508 / S288c),179.0,1.92e-45,gb|KAK6896650.1|,Candida tropicalis,590.0,0.0
g2303.t1,None,Fungi | Ascomycetes | Pichiomycetes | cal:CAALFM_C205870WA,74.3294,sp|P0CU26|INA17_SCHPO,Schizosaccharomyces pombe (strain 972 / ATCC 24843),43.9,7.44e-06,gb|KAG4408534.1|,Candida tropicalis,87.4,7.22e-20
g3716.t1,None,Fungi | Ascomycetes | Pichiomycetes | cal:CAALFM_C307760CA,458.759,sp|Q6IE26|EPHX4_MOUSE,Mus musculus,94.4,1.05e-20,ref|XP_719809.1|,Candida albicans SC5314,462.0,5.60e-161
g1871.t1,K14572,Fungi | Ascomycetes | Pichiomycetes | cal:CAALFM_C400970CA,179.489,sp|Q12019|MDN1_YEAST,Saccharomyces cerevisiae (strain ATCC 204508 / S288c),155.0,4.81e-44,ref|XP_002545274.1|,Candida tropicalis MYA-3404,212.0,3.21e-65
g6569.t1,K13181,Fungi | Ascomycetes | Saccharomycetes | kla:KLLA0_F15752g,64.6994,sp|Q6BTL5|DRS1_DEBHA,Debaryomyces hansenii (strain ATCC 36239 / CBS 767 / BCRC 21394 / JCM 1990 / NBRC 0083 / IGC 2968),74.3,4.19e-16,ref|XP_062879929.1|,Australozyma saopauloensis,97.4,7.17e-21
g6746.t1,None,Fungi | Ascomycetes | Pichiomycetes | cal:CAALFM_C302870CA,689.493,sp|P38680|MTR_NEUCR,Neurospora crassa (strain ATCC 24698 / 74-OR23-1A / CBS 708.71 / DSM 1257 / FGSC 987),232.0,2.05e-69,ref|XP_049180954.1|,Candida oxycetoniae,754.0,0.0
g1195.t1,None,Fungi | Ascomycetes | Pichiomycetes | cal:CAALFM_C400290CA,254.218,sp|Q1QYU7|GBMOO_CHRSD,Chromohalobacter salexigens (strain ATCC BAA-138 / DSM 3043 / CIP 106854 / NCIMB 13768 / 1H11),90.9,4.21e-21,ref|XP_066831919.1|,Lodderomyces beijingensis,255.0,3.01e-80
g2867.t1,None,Fungi | Ascomycetes | Pichiomycetes | cal:CAALFM_C207930CA,140.198,sp|P37370|VRP1_YEAST,Saccharomyces cerevisiae (strain ATCC 204508 / S288c),71.6,5.65e-12,gb|KGU28854.1|,Candida albicans P34048,141.0,4.51e-32
g2765.t1,None,Fungi | Ascomycetes | Pichiomycetes | cal:CAALFM_C209130CA,77.4109,sp|Q59XL0|IFF6_CANAL,Candida albicans (strain SC5314 / ATCC MYA-2876),80.5,3.35e-18,gb|EDK47355.1|,Lodderomyces elongisporus NRRL YB-4239,100.0,6.23e-24
g2678.t1,K14572,Fungi | Ascomycetes | Pichiomycetes | cal:CAALFM_C400970CA,2065.04,sp|Q12019|MDN1_YEAST,Saccharomyces cerevisiae (strain ATCC 204508 / S288c),1707.0,0.0,gb|RCK59213.1|,Candida viswanathii,2288.0,0.0
g744.t1,K10742,Fungi | Ascomycetes | Pichiomycetes | cal:CAALFM_C600320CA,207.608,sp|P38859|DNA2_YEAST,Saccharomyces cerevisiae (strain ATCC 204508 / S288c),84.0,5.29e-18,gb|KAF6071070.1|,Candida albicans,218.0,2.02e-62
g5120.t1,None,Fungi | Ascomycetes | Pichiomycetes | cal:CAALFM_C301750CA,65.855,sp|Q5AJC1|BRO1_CANAL,Candida albicans (strain SC5314 / ATCC MYA-2876),53.9,9.09e-09,ref|XP_064773899.1|,Scheffersomyces xylosifermentans,66.2,7.04e-10
g2437.t1,K11676,Fungi | Ascomycetes | Pichiomycetes | cal:CAALFM_C208720WA,182.956,sp|P40154|IES2_YEAST,Saccharomyces cerevisiae (strain ATCC 204508 / S288c),55.1,3.63e-07,gb|RLV93017.1|,Spathaspora sp. JA1,246.0,8.15e-74
g3692.t1,K06695,Fungi | Ascomycetes | Pichiomycetes | cal:CAALFM_C406150CA,139.428,sp|P53187|HOP2_YEAST,Saccharomyces cerevisiae (strain ATCC 204508 / S288c),58.9,1.77e-09,gb|KGQ92596.1|,Candida albicans GC75,149.0,5.80e-41
g1515.t1,K13181,Fungi | Ascomycetes | Saccharomycetes | kla:KLLA0_F15752g,60.8474,sp|Q6BTL5|DRS1_DEBHA,Debaryomyces hansenii (strain ATCC 36239 / CBS 767 / BCRC 21394 / JCM 1990 / NBRC 0083 / IGC 2968),73.2,5.13e-15,emb|SCU82807.1|,Lachancea meyersii CBS 8951,78.2,1.51e-13
g3534.t1,None,Fungi | Ascomycetes | Pichiomycetes | cal:CAALFM_C100370WA,119.398,sp|Q5RIM0|LYRM2_DANRE,Danio rerio,48.9,1.02e-07,gb|KAG4405095.1|,Candida tropicalis,131.0,6.97e-37
g2428.t1,None,Fungi | Ascomycetes | Pichiomycetes | cal:CAALFM_C208060WA,125.561,sp|Q4ZGE1|EMR1_SCHPO,Schizosaccharomyces pombe (strain 972 / ATCC 24843),56.6,1.28e-11,gb|KAL6450561.1|,Candida maltosa Xu316,127.0,2.85e-36
g7194.t1,None,Fungi | Ascomycetes | Pichiomycetes | cal:CAALFM_CR09930WA,169.474,sp|Q04608|YD124_YEAST,Saccharomyces cerevisiae (strain ATCC 204508 / S288c),79.7,2.51e-15,ref|XP_067549948.1|,Candida metapsilosis,232.0,1.59e-65
g7037.t1,K14572,Fungi | Ascomycetes | Pichiomycetes | cal:CAALFM_C400970CA,288.115,sp|Q12019|MDN1_YEAST,Saccharomyces cerevisiae (strain ATCC 204508 / S288c),181.0,9.95e-50,ref|XP_002545273.1|,Candida tropicalis MYA-3404,303.0,4.90e-96
g7144.t1,K18278,Fungi | Ascomycetes | Pichiomycetes | cal:CAALFM_CR09290WA,603.594,sp|C4YMW2|THI5_CANAW,Candida albicans (strain WO-1),617.0,0.0,ref|XP_051611038.1|,Candida theae,637.0,0.0
g6250.t1,None,Fungi | Ascomycetes | Pichiomycetes | cal:CAALFM_C405380CA,85.1149,sp|P46965|SPC1_YEAST,Saccharomyces cerevisiae (strain ATCC 204508 / S288c),46.2,6.48e-07,gb|KAL6450210.1|,Candida maltosa Xu316,110.0,4.89e-29
g3911.t1,K10992,Fungi | Ascomycetes | Pichiomycetes | cal:CAALFM_CR05580CA,148.288,sp|P32489|MEI5_YEAST,Saccharomyces cerevisiae (strain ATCC 204508 / S288c),52.0,2.88e-07,gb|RCK62302.1|,Candida viswanathii,155.0,5.11e-44
g813.t1,K14572,Fungi | Ascomycetes | Pichiomycetes | cal:CAALFM_C400970CA,196.823,sp|Q12019|MDN1_YEAST,Saccharomyces cerevisiae (strain ATCC 204508 / S288c),125.0,1.01e-32,gb|RCK59213.1|,Candida viswanathii,216.0,2.72e-61
g5857.t1,K14572,Fungi | Ascomycetes | Pichiomycetes | cal:CAALFM_C400970CA,149.058,sp|Q12019|MDN1_YEAST,Saccharomyces cerevisiae (strain ATCC 204508 / S288c),129.0,1.68e-35,ref|XP_049265401.1|,Candida,160.0,3.55e-43
g4598.t1,None,Fungi | Ascomycetes | Pichiomycetes | cal:CAALFM_CR01470WA,233.802,sp|P53707|CSP37_CANAX,Candida albicans,230.0,5.20e-72,ref|XP_051607788.1|,Candida theae,310.0,2.45e-99
g628.t1,K12763,Fungi | Ascomycetes | Pichiomycetes | cal:CAALFM_CR07890WA,274.248,sp|Q59X67|EFG1_CANAL,Candida albicans (strain SC5314 / ATCC MYA-2876),295.0,1.64e-91,gb|AJT59418.1|,Candida tropicalis,316.0,2.22e-96
g7801.t1,None,Fungi | Ascomycetes | Pichiomycetes | cal:CAALFM_CR00170WA,339.732,sp|A0A0J9WP80|FTF2_FUSO4,Fusarium oxysporum f. sp. lycopersici (strain 4287 / CBS 123668 / FGSC 9935 / NRRL 34936),73.9,1.56e-13,ref|XP_002546284.1|,Candida tropicalis MYA-3404,352.0,1.10e-114
g8100.t1,K03325,Fungi | Ascomycetes | Pichiomycetes | cal:CAALFM_C406890WA,163.696,sp|Q06598|ARR3_YEAST,Saccharomyces cerevisiae (strain ATCC 204508 / S288c),110.0,8.15e-29,ref|XP_064774541.1|,Scheffersomyces xylosifermentans,184.0,1.44e-53
g2609.t1,None,Fungi | Ascomycetes | Pichiomycetes | cal:CAALFM_C504970CA,142.51,sp|P07272|PPR1_YEAST,Saccharomyces cerevisiae (strain ATCC 204508 / S288c),62.8,1.41e-11,ref|XP_002420751.1|,Candida dubliniensis CD36,154.0,1.23e-40
g6322.t1,None,Fungi | Ascomycetes | Pichiomycetes | cal:CAALFM_C406260WA,170.244,sp|Q5A1A9|PGA43_CANAL,Candida albicans (strain SC5314 / ATCC MYA-2876),158.0,1.39e-46,gb|RLV90696.1|,Spathaspora sp. JA1,196.0,4.00e-58
g5241.t1,K12619,Fungi | Ascomycetes | Pichiomycetes | cal:CAALFM_C401080WA,139.813,sp|Q6BNU7|XRN2_DEBHA,Debaryomyces hansenii (strain ATCC 36239 / CBS 767 / BCRC 21394 / JCM 1990 / NBRC 0083 / IGC 2968),152.0,2.94e-43,emb|CAI5759432.1|,Candida verbasci,156.0,1.16e-41
g4744.t1,None,Fungi | Ascomycetes | Pichiomycetes | cal:CAALFM_C207170CA,140.584,sp|Q59Z29|AFT2_CANAL,Candida albicans (strain SC5314 / ATCC MYA-2876),140.0,3.53e-33,ref|XP_020065290.1|,Suhomyces tanzawaensis NRRL Y-17324,176.0,1.01e-42
g2236.t1,None,Fungi | Ascomycetes | Pichiomycetes | cal:CAALFM_C205180WA,91.2781,sp|P43074|WHS11_CANAW,Candida albicans (strain WO-1),86.7,1.86e-23,ref|XP_002619738.2|,Clavispora lusitaniae,91.7,3.88e-22
g1484.t1,K20028,Fungi | Ascomycetes | Pichiomycetes | cal:CAALFM_C306990WA,110.538,sp|Q5ADN9|PFA3_CANAL,Candida albicans (strain SC5314 / ATCC MYA-2876),105.0,1.34e-27,gb|EMG49077.1|,Candida maltosa Xu316,119.0,7.10e-29
g100.t1,K14572,Fungi | Ascomycetes | Pichiomycetes | cal:CAALFM_C400970CA,260.381,sp|Q12019|MDN1_YEAST,Saccharomyces cerevisiae (strain ATCC 204508 / S288c),184.0,6.99e-52,gb|KAK6885667.1|,Candida tropicalis,290.0,1.10e-85
g7130.t1,None,Fungi | Ascomycetes | Pichiomycetes | cal:CAALFM_CR09140CA,634.409,sp|Q03104|MSC1_YEAST,Saccharomyces cerevisiae (strain ATCC 204508 / S288c),164.0,9.53e-42,gb|RCK66108.1|,Candida viswanathii,694.0,0.0
g3731.t1,K10742,Fungi | Ascomycetes | Pichiomycetes | cal:CAALFM_C600320CA,880.167,sp|P38859|DNA2_YEAST,Saccharomyces cerevisiae (strain ATCC 204508 / S288c),309.0,1.39e-87,ref|XP_002420829.1|,Candida dubliniensis CD36,942.0,0.0
g6390.t1,K10881,Fungi | Ascomycetes | Pichiomycetes | cal:CAALFM_C406880CA,70.8626,sp|O94742|SEM1_YEAST,Saccharomyces cerevisiae (strain ATCC 204508 / S288c),51.2,8.51e-09,ref|XP_020065654.1|,Suhomyces tanzawaensis NRRL Y-17324,89.0,1.28e-20
g5036.t1,K12619,Fungi | Ascomycetes | Pichiomycetes | cal:CAALFM_C401080WA,139.813,sp|Q6BNU7|XRN2_DEBHA,Debaryomyces hansenii (strain ATCC 36239 / CBS 767 / BCRC 21394 / JCM 1990 / NBRC 0083 / IGC 2968),152.0,2.94e-43,emb|CAI5759432.1|,Candida verbasci,156.0,1.16e-41
g7538.t1,K03457,Fungi | Ascomycetes | Pichiomycetes | cal:CAALFM_C303140CA,955.281,sp|Q04895|DAL4_YEAST,Saccharomyces cerevisiae (strain ATCC 204508 / S288c),548.0,0.0,gb|EMG50384.1|,Candida maltosa Xu316,962.0,0.0
g3214.t1,K10742,Fungi | Ascomycetes | Pichiomycetes | cal:CAALFM_C600320CA,99.7525,sp|A0A1P8ASY1|JHS1_ARATH,Arabidopsis thaliana,72.8,1.96e-15,gb|KAL6453984.1|,Candida maltosa Xu316,114.0,7.93e-27
g6272.t1,K13113,Fungi | Ascomycetes | Pichiomycetes | cal:CAALFM_C405040WA,135.576,sp|Q6BUP7|HUB1_DEBHA,Debaryomyces hansenii (strain ATCC 36239 / CBS 767 / BCRC 21394 / JCM 1990 / NBRC 0083 / IGC 2968),130.0,8.03e-41,emb|CAI5759266.1|,Candida verbasci,138.0,1.92e-40
g4830.t1,K17974,Fungi | Ascomycetes | Saccharomycetes | kla:KLLA0_E06029g,73.1738,sp|P47135|JSN1_YEAST,Saccharomyces cerevisiae (strain ATCC 204508 / S288c),79.0,1.34e-17,gb|RCK65000.1|,Candida viswanathii,129.0,6.01e-32
g5318.t1,None,Fungi | Ascomycetes | Pichiomycetes | cal:CAALFM_C403290WA,776.933,sp|P40850|MKT1_YEAST,Saccharomyces cerevisiae (strain ATCC 204508 / S288c),296.0,6.32e-87,gb|KAG2733145.1|,Scheffersomyces stipitis,969.0,0.0
g4116.t1,K01918,Fungi | Ascomycetes | Pichiomycetes | cal:CAALFM_CR02580WA,472.626,sp|P40459|PANC_YEAST,Saccharomyces cerevisiae (strain ATCC 204508 / S288c),276.0,3.63e-91,ref|XP_049263518.1|,Candida,511.0,2.88e-180
g4300.t1,K10742,Fungi | Ascomycetes | Pichiomycetes | cal:CAALFM_C600320CA,135.191,sp|P38859|DNA2_YEAST,Saccharomyces cerevisiae (strain ATCC 204508 / S288c),47.8,9.78e-07,ref|XP_002420829.1|,Candida dubliniensis CD36,145.0,6.13e-38
g7368.t1,None,Fungi | Ascomycetes | Pichiomycetes | cal:CAALFM_C703290CA,253.447,sp|Q59XL0|IFF6_CANAL,Candida albicans (strain SC5314 / ATCC MYA-2876),261.0,1.68e-79,ref|XP_051674018.1|,Candida margitis,281.0,5.13e-88
g5001.t1,K03508,Fungi | Ascomycetes | Pichiomycetes | cal:CAALFM_C209480WA,189.504,sp|Q0E7J8|REV7_SCHPO,Schizosaccharomyces pombe (strain 972 / ATCC 24843),50.8,1.68e-06,gb|EDK44404.1|,Lodderomyces elongisporus NRRL YB-4239,220.0,2.04e-67
g1613.t1,K14715,Fungi | Ascomycetes | Pichiomycetes | cal:CAALFM_C300390WA,199.134,sp|Q640S1|S39A9_XENTR,Xenopus tropicalis,119.0,1.31e-30,ref|XP_002418984.1|,Candida dubliniensis CD36,223.0,1.09e-67
g4754.t1,None,Fungi | Ascomycetes | Pichiomycetes | cal:CAALFM_C207110CA,647.121,sp|P43596|IOC3_YEAST,Saccharomyces cerevisiae (strain ATCC 204508 / S288c),59.7,8.87e-08,gb|KGU28775.1|,Candida albicans P34048,657.0,0.0
g4826.t1,None,Fungi | Ascomycetes | Pichiomycetes | cal:CAALFM_C301750CA,63.929,sp|Q5AJC1|BRO1_CANAL,Candida albicans (strain SC5314 / ATCC MYA-2876),52.8,2.25e-08,ref|XP_064773899.1|,Scheffersomyces xylosifermentans,63.9,3.55e-09
g4652.t1,K14572,Fungi | Ascomycetes | Pichiomycetes | cal:CAALFM_C400970CA,135.191,sp|Q12019|MDN1_YEAST,Saccharomyces cerevisiae (strain ATCC 204508 / S288c),109.0,1.98e-28,ref|XP_002545274.1|,Candida tropicalis MYA-3404,159.0,5.73e-45
g712.t1,None,Fungi | Ascomycetes | Pichiomycetes | cal:CAALFM_CR07260CA,143.665,sp|Q9BWT6|MND1_HUMAN,Homo sapiens,85.9,1.39e-19,ref|XP_002548764.1|,Candida tropicalis MYA-3404,166.0,1.09e-47
g1127.t1,K14572,Fungi | Ascomycetes | Pichiomycetes | cal:CAALFM_C400970CA,132.88,sp|Q12019|MDN1_YEAST,Saccharomyces cerevisiae (strain ATCC 204508 / S288c),65.5,6.04e-12,gb|KAK6892306.1|,Candida tropicalis,147.0,1.72e-37
g2289.t1,K03317,Fungi | Ascomycetes | Pichiomycetes | cal:CAALFM_C206020WA,903.279,sp|Q9UA35|S28A3_EPTST,Eptatretus stoutii,266.0,8.27e-79,gb|EMG50684.1|,Candida maltosa Xu316,946.0,0.0
g5464.t1,K11885,Fungi | Ascomycetes | Pichiomycetes | cal:CAALFM_C114420WA,427.172,sp|Q6BK42|DDI1_DEBHA,Debaryomyces hansenii (strain ATCC 36239 / CBS 767 / BCRC 21394 / JCM 1990 / NBRC 0083 / IGC 2968),320.0,1.11e-105,gb|KAK6874446.1|,Candida tropicalis,489.0,1.04e-170
g6341.t1,K23887,Fungi | Ascomycetes | Pichiomycetes | cal:CAALFM_C406530CA,889.026,sp|Q07307|UAPA_EMENI,Emericella nidulans (strain FGSC A4 / ATCC 38163 / CBS 112.46 / NRRL 194 / M139),639.0,0.0,emb|CAI5759357.1|,Candida verbasci,978.0,0.0
g58.t1,K08836,Animals | Birds | Galliformes | gga:423878,54.299,sp|Q9Y7S2|YQO3_SCHPO,Schizosaccharomyces pombe (strain 972 / ATCC 24843),48.9,1.83e-06,emb|CDN39810.1|,Streptococcus pneumoniae,87.0,1.70e-16
g2236.t2,None,Fungi | Ascomycetes | Pichiomycetes | cal:CAALFM_C205180WA,97.0561,sp|P43074|WHS11_CANAW,Candida albicans (strain WO-1),92.0,1.28e-25,ref|XP_002619738.2|,Clavispora lusitaniae,102.0,2.22e-26
g4800.t1,K04567,Fungi | Ascomycetes | Pichiomycetes | cal:CAALFM_C701870WA,87.8113,sp|O74858|SYKM_SCHPO,Schizosaccharomyces pombe (strain 972 / ATCC 24843),46.2,4.19e-06,ref|XP_067547141.1|,Candida metapsilosis,126.0,8.77e-32
g1158.t1,K07512,Fungi | Ascomycetes | Pichiomycetes | cal:CAALFM_C300200CA,50.8322,sp|Q8WZM4|ETR2_CANTR,Candida tropicalis,50.8,9.48e-09,gb|KAL6450786.1|,acyl-carrier-protein,53.9,1.61e-06
g6812.t1,K01455,Fungi | Ascomycetes | Pichiomycetes | cal:CAALFM_C302060WA,743.421,sp|Q9URY7|FMDA_SCHPO,Schizosaccharomyces pombe (strain 972 / ATCC 24843),602.0,0.0,gb|RCK64416.1|,Candida viswanathii,772.0,0.0
g99.t1,K14572,Fungi | Ascomycetes | Pichiomycetes | cal:CAALFM_C400970CA,259.61,sp|Q12019|MDN1_YEAST,Saccharomyces cerevisiae (strain ATCC 204508 / S288c),180.0,9.19e-51,gb|KAK6885667.1|,Candida tropicalis,290.0,9.94e-86
g7017.t1,None,Fungi | Ascomycetes | Pichiomycetes | cal:CAALFM_C209130CA,82.0333,sp|Q59XL0|IFF6_CANAL,Candida albicans (strain SC5314 / ATCC MYA-2876),80.9,1.31e-17,ref|XP_060975627.1|,Lodderomyces elongisporus,96.7,6.94e-20
g5268.t1,K14572,Fungi | Ascomycetes | Pichiomycetes | cal:CAALFM_C400970CA,161.77,sp|Q12019|MDN1_YEAST,Saccharomyces cerevisiae (strain ATCC 204508 / S288c),145.0,6.39e-41,ref|XP_002545274.1|,Candida tropicalis MYA-3404,168.0,1.30e-48
g3272.t1,K15278,Fungi | Ascomycetes | Pichiomycetes | cal:CAALFM_C209700WA,340.502,sp|P40004|YEA4_YEAST,Saccharomyces cerevisiae (strain ATCC 204508 / S288c),213.0,8.23e-66,ref|XP_002547696.1|,Candida tropicalis MYA-3404,357.0,2.97e-119
g3969.t1,K11568,Fungi | Ascomycetes | Pichiomycetes | cal:CAALFM_CR06160CA,79.3369,sp|Q59VC6|DAD3_CANAL,Candida albicans (strain SC5314 / ATCC MYA-2876),72.8,4.70e-16,ref|XP_003869477.1|,Candida orthopsilosis Co 90-125,87.4,1.18e-18
g3011.t1,None,Fungi | Ascomycetes | Pichiomycetes | cal:CAALFM_C502110WA,128.257,sp|P22943|HSP12_YEAST,Saccharomyces cerevisiae (strain ATCC 204508 / S288c),75.1,2.16e-17,emb|CAI5759899.1|,Candida verbasci,171.0,1.12e-51
g768.t1,K14572,Fungi | Ascomycetes | Pichiomycetes | cal:CAALFM_C400970CA,167.548,sp|Q12019|MDN1_YEAST,Saccharomyces cerevisiae (strain ATCC 204508 / S288c),137.0,1.13e-36,dbj|GME83683.1|,Ambrosiozyma monospora,196.0,1.11e-55
g3941.t1,None,Fungi | Ascomycetes | Pichiomycetes | cal:CAALFM_CR05760CA,363.229,sp|Q06821|YP084_YEAST,Saccharomyces cerevisiae (strain ATCC 204508 / S288c),191.0,4.19e-56,gb|KAL1574709.1|,Candida albicans,375.0,5.89e-126
g6504.t1,None,Fungi | Ascomycetes | Pichiomycetes | cal:CAALFM_C500730WA,64.6994,sp|Q06852|SLAP1_ACET2,Acetivibrio thermocellus (strain ATCC 27405 / DSM 1237 / JCM 9322 / NBRC 103400 / NCIMB 10682 / NRRL B-4536 / VPI 7372),145.0,1.27e-36,emb|CAI5961232.1|,Closterium sp. NIES-65,198.0,9.57e-52
g6752.t1,None,Fungi | Ascomycetes | Pichiomycetes | cal:CAALFM_C302550CA,199.134,sp|P32460|DCG1_YEAST,Saccharomyces cerevisiae (strain ATCC 204508 / S288c),108.0,1.98e-27,ref|XP_049181373.1|,Candida oxycetoniae,243.0,8.86e-77
g1689.t1,None,Fungi | Ascomycetes | Pichiomycetes | cal:CAALFM_C400290CA,179.489,sp|Q1QYU7|GBMOO_CHRSD,Chromohalobacter salexigens (strain ATCC BAA-138 / DSM 3043 / CIP 106854 / NCIMB 13768 / 1H11),80.1,8.32e-18,ref|XP_001383973.1|,Scheffersomyces stipitis CBS 6054,180.0,1.21e-54
g6419.t1,None,Fungi | Ascomycetes | Pichiomycetes | cal:CAALFM_C406980WA,363.229,sp|P87020|PRA1_CANAL,Candida albicans (strain SC5314 / ATCC MYA-2876),364.0,6.18e-126,ref|XP_002420285.1|,Candida dubliniensis CD36,369.0,1.57e-124
g5363.t1,None,Fungi | Ascomycetes | Pichiomycetes | cal:CAALFM_C600070CA,121.324,sp|Q59L86|PGA25_CANAL,Candida albicans (strain SC5314 / ATCC MYA-2876),62.4,6.29e-09,ref|XP_051622343.1|,Candida jiufengensis,93.6,1.24e-15
g676.t1,None,Fungi | Ascomycetes | Pichiomycetes | cal:CAALFM_CR08510WA,96.2857,sp|Q5A343|PGA13_CANAL,Candida albicans (strain SC5314 / ATCC MYA-2876),93.2,3.62e-20,gb|EMG48108.1|,Candida maltosa Xu316,140.0,3.37e-34
g5046.t1,K14572,Fungi | Ascomycetes | Pichiomycetes | cal:CAALFM_C400970CA,136.732,sp|Q12019|MDN1_YEAST,Saccharomyces cerevisiae (strain ATCC 204508 / S288c),110.0,8.41e-29,gb|KAK6880265.1|,Candida tropicalis,142.0,1.71e-38
g3642.t1,None,Fungi | Ascomycetes | Pichiomycetes | cal:CAALFM_C307860CA,65.855,sp|Q59MJ1|MRR2_CANAL,Candida albicans (strain SC5314 / ATCC MYA-2876),67.8,9.34e-14,ref|XP_066830181.1|,Lodderomyces beijingensis,99.8,9.98e-22
g2301.t1,K25662,Fungi | Ascomycetes | Pichiomycetes | cal:CAALFM_C205900WA,188.348,sp|Q06032|CST9_YEAST,Saccharomyces cerevisiae (strain ATCC 204508 / S288c),63.2,7.95e-10,gb|KAK6875979.1|,Candida tropicalis,219.0,4.35e-65
g7374.t1,None,Fungi | Ascomycetes | Pichiomycetes | cal:CAALFM_C210330CA,96.6709,sp|Q5A5U4|RHD3_CANAL,Candida albicans (strain SC5314 / ATCC MYA-2876),66.6,1.83e-13,ref|XP_001523183.1|,Lodderomyces elongisporus,100.0,5.17e-24
g7604.t1,None,Plants | Eudicots | Solanaceae | sly:104647491,80.4925,sp|Q8R149|BUD13_MOUSE,Mus musculus,58.9,7.58e-08,ref|XP_063594314.1|,Penaeus indicus,203.0,1.10e-54
g3251.t1,K21053,Fungi | Ascomycetes | Pichiomycetes | cal:CAALFM_C206970WA,580.096,sp|Q59ZB1|ADE_CANAL,Candida albicans (strain SC5314 / ATCC MYA-2876),583.0,0.0,gb|EMG47192.1|,Candida maltosa Xu316,591.0,0.0
g7735.t1,K14572,Fungi | Ascomycetes | Pichiomycetes | cal:CAALFM_C400970CA,258.84,sp|Q12019|MDN1_YEAST,Saccharomyces cerevisiae (strain ATCC 204508 / S288c),187.0,2.84e-52,emb|CAI5759429.1|,Candida verbasci,304.0,1.09e-89
g2586.t1,None,Fungi | Ascomycetes | Pichiomycetes | cal:CAALFM_C105790WA,88.9669,sp|P39103|COX14_YEAST,Saccharomyces cerevisiae (strain ATCC 204508 / S288c),48.1,5.21e-08,ref|XP_019330655.1|,Candida albicans SC5314,103.0,9.03e-27
g18.t1,None,Fungi | Ascomycetes | Pichiomycetes | cal:CAALFM_C703620CA,96.2857,sp|O74350|BDC1_SCHPO,Schizosaccharomyces pombe (strain 972 / ATCC 24843),70.9,3.26e-13,gb|RCK66411.1|,Candida viswanathii,111.0,1.02e-23
g3898.t1,None,Fungi | Ascomycetes | Pichiomycetes | cal:CAALFM_CR04610CA,633.254,sp|Q5A6K2|ATG22_CANAL,Candida albicans (strain SC5314 / ATCC MYA-2876),628.0,0.0,gb|KAK6871852.1|,Candida tropicalis,706.0,0.0
g4840.t1,None,Fungi | Ascomycetes | Pichiomycetes | cal:CAALFM_C400290CA,457.603,sp|D0C9N6|CNTA_ACIB2,Acinetobacter baumannii (strain ATCC 19606 / DSM 30007 / JCM 6841 / CCUG 19606 / CIP 70.34 / NBRC 109757 / NCIMB 12457 / NCTC 12156 / 81),132.0,1.04e-34,ref|XP_066831919.1|,Lodderomyces beijingensis,460.0,3.55e-158
g1300.t1,K10742,Fungi | Ascomycetes | Pichiomycetes | cal:CAALFM_C600320CA,194.126,sp|D3ZG52|DNA2_RAT,Rattus norvegicus,75.1,1.76e-15,gb|KHC34412.1|,Candida albicans Ca6,199.0,1.33e-55
g6511.t1,K14572,Fungi | Ascomycetes | Pichiomycetes | cal:CAALFM_C400970CA,568.155,sp|Q12019|MDN1_YEAST,Saccharomyces cerevisiae (strain ATCC 204508 / S288c),487.0,8.18e-155,gb|RCK59213.1|,Candida viswanathii,602.0,0.0
g5840.t1,K28103,Fungi | Ascomycetes | Pichiomycetes | cal:CAALFM_C400820WA,56.225,sp|Q03829|MME1_YEAST,Saccharomyces cerevisiae (strain ATCC 204508 / S288c),46.2,6.60e-07,ref|XP_049265390.1|,Candida,67.4,3.21e-11
g5385.t1,None,Fungi | Ascomycetes | Pichiomycetes | cal:CAALFM_C307680WA,135.576,sp|Q5ADX2|HIR3_CANAL,Candida albicans (strain SC5314 / ATCC MYA-2876),143.0,4.61e-40,gb|KAG4409342.1|,Candida tropicalis,144.0,3.84e-37
g2766.t1,K14572,Fungi | Ascomycetes | Pichiomycetes | cal:CAALFM_C400970CA,117.472,sp|Q12019|MDN1_YEAST,Saccharomyces cerevisiae (strain ATCC 204508 / S288c),98.2,4.57e-24,ref|XP_049265401.1|,Candida,130.0,4.40e-32
g7782.t1,None,Fungi | Ascomycetes | Pichiomycetes | cal:CAALFM_C200650WA,1228.77,sp|P87136|YDM5_SCHPO,Schizosaccharomyces pombe (strain 972 / ATCC 24843),199.0,1.14e-50,ref|XP_001528706.2|,Lodderomyces elongisporus,1331.0,0.0
g2206.t1,K11099,Fungi | Ascomycetes | Pichiomycetes | cal:CAALFM_C203880CA,112.079,sp|O74966|RUXG_SCHPO,Schizosaccharomyces pombe (strain 972 / ATCC 24843),95.1,1.53e-26,ref|XP_064738328.1|,Scheffersomyces amazonensis,125.0,2.34e-35
g2298.t1,K02269,Fungi | Ascomycetes | Pichiomycetes | cal:CAALFM_C205930WA,83.5741,sp|Q6BPV1|COX9_DEBHA,Debaryomyces hansenii (strain ATCC 36239 / CBS 767 / BCRC 21394 / JCM 1990 / NBRC 0083 / IGC 2968),80.5,4.01e-21,ref|XP_020074143.1|,Hyphopichia burtonii NRRL Y-1933,87.8,1.08e-20
g4887.t1,K14559,Fungi | Ascomycetes | Pichiomycetes | cal:CAALFM_C200070CA,627.091,sp|P47083|MPP10_YEAST,Saccharomyces cerevisiae (strain ATCC 204508 / S288c),330.0,4.22e-104,ref|XP_049263627.1|,Candida,731.0,0.0
g7313.t1,K14572,Fungi | Ascomycetes | Pichiomycetes | cal:CAALFM_C400970CA,437.187,sp|Q12019|MDN1_YEAST,Saccharomyces cerevisiae (strain ATCC 204508 / S288c),240.0,2.52e-70,gb|KAG4409418.1|,Candida tropicalis,464.0,4.43e-145
g8011.t1,None,Fungi | Ascomycetes | Pichiomycetes | cal:CAALFM_C701940CA,63.1586,sp|Q6BVE3|PRM10_DEBHA,Debaryomyces hansenii (strain ATCC 36239 / CBS 767 / BCRC 21394 / JCM 1990 / NBRC 0083 / IGC 2968),58.9,3.04e-09,ref|XP_067548645.1|,Candida metapsilosis,68.9,2.04e-09
g4419.t1,K14572,Fungi | Ascomycetes | Pichiomycetes | cal:CAALFM_C400970CA,114.775,sp|Q12019|MDN1_YEAST,Saccharomyces cerevisiae (strain ATCC 204508 / S288c),95.1,2.33e-23,gb|EEQ45361.1|,Candida albicans WO-1,120.0,6.59e-29
g2723.t1,K17773,Fungi | Ascomycetes | Pichiomycetes | cal:CAALFM_C106640CA,92.4337,sp|P80967|TOM5_YEAST,Saccharomyces cerevisiae (strain ATCC 204508 / S288c),45.4,1.27e-07,ref|XP_019330661.1|,Candida albicans SC5314,90.9,1.78e-22
g1613.t2,K14715,Fungi | Ascomycetes | Pichiomycetes | cal:CAALFM_C300390WA,205.297,sp|Q640S1|S39A9_XENTR,Xenopus tropicalis,122.0,1.15e-31,ref|XP_002418984.1|,Candida dubliniensis CD36,223.0,8.73e-68
g4649.t1,K14572,Fungi | Ascomycetes | Pichiomycetes | cal:CAALFM_C400970CA,136.732,sp|Q12019|MDN1_YEAST,Saccharomyces cerevisiae (strain ATCC 204508 / S288c),110.0,8.41e-29,gb|KAK6880265.1|,Candida tropicalis,142.0,1.71e-38
g5061.t1,None,Fungi | Ascomycetes | Pichiomycetes | cal:CAALFM_C302870CA,122.479,sp|P38680|MTR_NEUCR,Neurospora crassa (strain ATCC 24698 / 74-OR23-1A / CBS 708.71 / DSM 1257 / FGSC 987),47.8,1.22e-06,ref|XP_002548261.1|,Candida tropicalis MYA-3404,142.0,9.35e-38
g5909.t1,None,Fungi | Ascomycetes | Pichiomycetes | cal:CAALFM_CR00270CA,108.997,sp|P54563|YQJZ_BACSU,Bacillus subtilis (strain 168),79.7,2.32e-19,emb|CAI5755527.1|,Candida verbasci,122.0,3.34e-33
g2508.t1,K14572,Fungi | Ascomycetes | Pichiomycetes | cal:CAALFM_C400970CA,456.447,sp|Q12019|MDN1_YEAST,Saccharomyces cerevisiae (strain ATCC 204508 / S288c),251.0,1.09e-70,gb|KAK6873928.1|,Candida tropicalis,393.0,3.48e-116
g7029.t2,None,Fungi | Ascomycetes | Pichiomycetes | cal:CAALFM_C209130CA,233.417,sp|Q59XL0|IFF6_CANAL,Candida albicans (strain SC5314 / ATCC MYA-2876),232.0,2.52e-69,ref|XP_051674018.1|,Candida margitis,253.0,2.41e-77
g433.t1,None,Fungi | Ascomycetes | Pichiomycetes | cal:CAALFM_C401960CA,244.202,sp|Q6BXG5|TDA11_DEBHA,Debaryomyces hansenii (strain ATCC 36239 / CBS 767 / BCRC 21394 / JCM 1990 / NBRC 0083 / IGC 2968),200.0,4.30e-58,ref|XP_051621198.1|,Candida jiufengensis,244.0,2.00e-72
g1674.t1,K03844,Fungi | Ascomycetes | Pichiomycetes | cal:CAALFM_C602270CA,165.622,sp|Q59S72|ALG11_CANAL,Candida albicans (strain SC5314 / ATCC MYA-2876),172.0,9.57e-51,gb|KAF6070885.1|,Candida albicans,170.0,4.66e-48
g2475.t1,K15255,Fungi | Ascomycetes | Pichiomycetes | cal:CAALFM_CR00060CA,67.781,sp|Q5AXT5|PIF1_EMENI,Emericella nidulans (strain FGSC A4 / ATCC 38163 / CBS 112.46 / NRRL 194 / M139),57.8,8.02e-09,emb|CUM51845.1|,Debaryomyces tyrocola,84.7,5.97e-15
g7368.t2,None,Fungi | Ascomycetes | Pichiomycetes | cal:CAALFM_C209130CA,229.95,sp|Q59XL0|IFF6_CANAL,Candida albicans (strain SC5314 / ATCC MYA-2876),237.0,2.01e-71,ref|XP_051674018.1|,Candida margitis,255.0,4.01e-78
g6990.t1,None,Fungi | Ascomycetes | Pichiomycetes | cal:CAALFM_C603950CA,272.322,sp|Q5A8H7|SWC5_CANAL,Candida albicans (strain SC5314 / ATCC MYA-2876),271.0,2.63e-88,gb|RCK64871.1|,Candida viswanathii,296.0,3.43e-95
g1417.t1,None,Fungi | Ascomycetes | Pichiomycetes | cal:CAALFM_C104910CA,388.652,sp|Q9UTA9|YL89_SCHPO,Schizosaccharomyces pombe (strain 972 / ATCC 24843),95.9,6.45e-22,ref|XP_003867835.1|,Candida orthopsilosis Co 90-125,417.0,1.38e-142
g7660.t1,K15255,Fungi | Ascomycetes | Pichiomycetes | cal:CAALFM_CR00060CA,134.035,sp|P38766|RRM3_YEAST,Saccharomyces cerevisiae (strain ATCC 204508 / S288c),113.0,6.42e-29,ref|XP_002421612.1|,Candida dubliniensis CD36,147.0,2.85e-38
g7680.t1,None,Fungi | Ascomycetes | Pichiomycetes | cal:CAALFM_C504970CA,225.328,sp|P49413|UAY_EMENI,Emericella nidulans (strain FGSC A4 / ATCC 38163 / CBS 112.46 / NRRL 194 / M139),62.4,4.75e-10,gb|EMG47897.1|,Candida maltosa Xu316,242.0,4.36e-71
g5271.t1,K28103,Fungi | Ascomycetes | Pichiomycetes | cal:CAALFM_C400820WA,56.225,sp|Q03829|MME1_YEAST,Saccharomyces cerevisiae (strain ATCC 204508 / S288c),46.2,6.60e-07,ref|XP_049265390.1|,Candida,67.4,3.21e-11
g7446.t1,K18748,Fungi | Ascomycetes | Pichiomycetes | cal:CAALFM_C504730CA,187.578,sp|Q5AK62|SSD1_CANAL,Candida albicans (strain SC5314 / ATCC MYA-2876),236.0,1.93e-69,gb|RCK65239.1|,Candida viswanathii,271.0,1.06e-78
g2298.t2,K02269,Fungi | Ascomycetes | Pichiomycetes | cal:CAALFM_C205930WA,97.0561,sp|Q6BPV1|COX9_DEBHA,Debaryomyces hansenii (strain ATCC 36239 / CBS 767 / BCRC 21394 / JCM 1990 / NBRC 0083 / IGC 2968),92.0,1.04e-25,gb|KAL6452179.1|,Candida maltosa Xu316,102.0,1.83e-26
g7039.t1,None,Fungi | Ascomycetes | Pichiomycetes | cal:CAALFM_C400600CA,127.487,sp|Q6BMF7|AIM3_DEBHA,Debaryomyces hansenii (strain ATCC 36239 / CBS 767 / BCRC 21394 / JCM 1990 / NBRC 0083 / IGC 2968),76.3,2.85e-16,gb|EMG47539.1|,Candida maltosa Xu316,129.0,4.54e-32
g2975.t1,K14572,Fungi | Ascomycetes | Pichiomycetes | cal:CAALFM_C400970CA,1365.52,sp|Q12019|MDN1_YEAST,Saccharomyces cerevisiae (strain ATCC 204508 / S288c),965.0,0.0,gb|KAG4409418.1|,Candida tropicalis,1517.0,0.0
g812.t1,K14572,Fungi | Ascomycetes | Pichiomycetes | cal:CAALFM_C400970CA,197.208,sp|Q12019|MDN1_YEAST,Saccharomyces cerevisiae (strain ATCC 204508 / S288c),127.0,3.09e-33,gb|RCK59213.1|,Candida viswanathii,219.0,3.40e-62
g7373.t1,None,Fungi | Ascomycetes | Pichiomycetes | cal:CAALFM_C210330CA,108.227,sp|Q5A5U6|PGA30_CANAL,Candida albicans (strain SC5314 / ATCC MYA-2876),108.0,4.79e-28,ref|XP_049182602.1|,Candida oxycetoniae,135.0,9.90e-37
g8041.t1,K14572,Fungi | Ascomycetes | Pichiomycetes | cal:CAALFM_C400970CA,418.313,sp|Q12019|MDN1_YEAST,Saccharomyces cerevisiae (strain ATCC 204508 / S288c),364.0,1.75e-114,ref|XP_002545274.1|,Candida tropicalis MYA-3404,482.0,5.54e-169
g2474.t1,K15255,Fungi | Ascomycetes | Eurotiomycetes | afm:AFUA_5G13370,59.3066,sp|Q5AXT5|PIF1_EMENI,Emericella nidulans (strain FGSC A4 / ATCC 38163 / CBS 112.46 / NRRL 194 / M139),57.8,2.25e-08,ref|XP_049262271.1|,Candida,125.0,4.23e-28
